{
  "best_model": "random_forest",
  "rmse": 4624.829093356202,
  "mae": 2534.374373423974,
  "r2": 0.8622272534066577
}